{"word_vectors":{"fruit":[-0.18288058,-0.2622864,0.023266703,-0.13839135,-0.11688626,-0.39989465,0.27752542,0.20852143,0.078075014,-0.42870805,-0.3366154,-0.18272106,-0.18811736,-0.6576475,-0.076346554,-0.63153076,0.14574671,-0.46182752,0.16694945,0.40541378],"rome":[-0.24429148,-0.26897025,0.05767173,-0.21418208,-0.025270062,-0.4361414,0.270277,0.22043318,0.06262058,-0.46044773,-0.39370894,-0.2384041,-0.20785727,-0.6324753,-0.087469704,-0.6385163,0.13349038,-0.48620176,0.19011904,0.4648804],"data":[-0.26136795,-0.23818175,0.08128548,-0.12299821,-0.09828095,-0.46436432,0.22080316,0.21902573,0.03747553,-0.39992863,-0.30800602,-0.18135932,-0.21220207,-0.63565147,-0.117489025,-0.57357997,0.13519213,-0.45448774,0.06906919,0.47020644],"princess":[-0.14985532,-0.03614019,0.14108858,-0.1814143,-0.07317893,-0.35558456,0.24195237,0.26266623,0.06481954,-0.3956008,-0.34315303,-0.20583628,-0.26254714,-0.56790584,-0.13778591,-0.5418763,0.05938173,-0.3844459,0.21144134,0.36832583],"king":[-0.19951814,-0.19435532,0.03619888,-0.15105532,-0.09435473,-0.33938032,0.20803297,0.15515898,0.07589929,-0.3326531,-0.3024028,-0.17588057,-0.19252847,-0.50113106,-0.057498824,-0.52601135,0.10039534,-0.39404064,0.1022848,0.359462],"city":[-0.17420709,-0.09729685,0.15509859,-0.2130073,-0.13270997,-0.3220719,0.2686433,0.19567372,0.09506929,-0.33544022,-0.36502266,-0.07359351,-0.21324082,-0.5049081,-0.1707655,-0.4769569,0.10183389,-0.44956255,0.10607588,0.40189886],"computer":[-0.15506318,-0.1547865,0.024915457,-0.12948312,-0.06258671,-0.5001258,0.30039915,0.23629738,0.060433466,-0.4541412,-0.23398359,-0.19470379,-0.27362373,-0.61813384,-0.06591609,-0.55924195,0.15181741,-0.38622084,0.1251869,0.39970917],"ai":[-0.2500612,-0.3025318,0.09374898,-0.20633851,0.08890159,-0.3373973,0.17065616,0.23976222,-0.009802157,-0.39812922,-0.36256564,-0.35757482,-0.1085898,-0.5677158,-0.08649304,-0.56760067,0.13736062,-0.45430195,0.15754984,0.4250185],"keyboardking":[-0.18610159,-0.3576691,0.063019544,-0.33591175,0.14460114,-0.3703713,0.12133532,0.15467681,0.018009258,-0.45329887,-0.3584353,-0.40831694,-0.07119693,-0.5975753,-0.10803078,-0.5300127,0.1719195,-0.36437348,0.22199616,0.34791034],"girl":[-0.19993767,-0.10709414,0.16749531,-0.24393867,-0.1225963,-0.30212814,0.26245755,0.21032043,0.12748097,-0.36014843,-0.31826693,-0.06571623,-0.23358366,-0.52372885,-0.11302598,-0.50305676,0.09496154,-0.5046394,0.046357468,0.4328049],"prince":[-0.16452736,-0.1990967,0.09561299,-0.25367224,-0.06197887,-0.30611882,0.22549082,0.19795333,0.075745724,-0.39904347,-0.35660243,-0.19167246,-0.18896712,-0.5768375,-0.13967918,-0.525682,0.07934217,-0.44729227,0.14649865,0.3908233],"man":[-0.1878198,-0.055730104,0.122282386,-0.18336082,-0.19244345,-0.3572164,0.33665457,0.24920477,0.11579481,-0.33434635,-0.36706927,0.0036371185,-0.23107785,-0.5306279,-0.18775024,-0.52710783,0.070710346,-0.52647716,0.05913324,0.39224893],"woman":[-0.19141698,-0.23951398,0.09131629,-0.16918527,-0.04296883,-0.40820602,0.23642392,0.21987109,0.07823123,-0.40868652,-0.33098435,-0.21097037,-0.1795369,-0.59949905,-0.112714656,-0.53029037,0.13813685,-0.44336513,0.1840559,0.39811862],"queen":[-0.23500061,-0.21876234,0.09430032,-0.14683019,-0.03539171,-0.4162075,0.23876783,0.20967212,0.05666822,-0.37717435,-0.35449758,-0.21246535,-0.18013269,-0.6108439,-0.118054345,-0.5716416,0.106672555,-0.4498261,0.10864998,0.41086996],"paris":[-0.15640722,-0.14565212,0.104989365,-0.22325014,-0.061526358,-0.3902426,0.2593738,0.25799188,0.09697985,-0.3757517,-0.33284238,-0.119518474,-0.24217156,-0.57381874,-0.1801857,-0.53919363,0.080893345,-0.49244085,0.15743376,0.40238756],"tech":[-0.21861653,-0.21976766,0.09585258,-0.24267766,-0.02776268,-0.4463695,0.27311903,0.22201742,0.08181371,-0.4751762,-0.34500423,-0.17716295,-0.24744256,-0.61438,-0.069113515,-0.565196,0.10968232,-0.4715655,0.17478333,0.4119334],"london":[-0.18656316,-0.31362137,0.031807005,-0.24444602,0.10243473,-0.39109534,0.18483318,0.2023865,0.0015490213,-0.44010115,-0.33821124,-0.38540253,-0.15531059,-0.6440757,-0.08472696,-0.59334207,0.11392362,-0.4012209,0.22073592,0.42876032],"code":[-0.20035757,-0.20821698,0.084117815,-0.2111716,-0.086992584,-0.46758077,0.2627599,0.23593454,0.09399046,-0.43106303,-0.32472086,-0.17278647,-0.2640177,-0.6262105,-0.076209925,-0.59636813,0.14571254,-0.49086803,0.13670863,0.4400344],"apple":[-0.15357111,-0.16741945,0.10831977,-0.16326118,-0.055039506,-0.3443498,0.26821434,0.20065707,0.07223843,-0.37214273,-0.31400776,-0.10317336,-0.23494714,-0.5497378,-0.1862929,-0.55813545,0.13030244,-0.46754763,0.15115245,0.38017148],"keyboard":[-0.020113831,0.0046160696,0.003034842,0.009986693,-0.0064748735,0.0033121705,0.0059987428,-0.0013829321,-0.01812847,0.018576795,0.012043009,-0.003864035,-0.004991737,-0.018936465,-0.016038846,0.0025521577,0.0024900406,0.010925114,0.007537401,0.0025976836],"orange":[-0.251466,-0.23039255,0.056881532,-0.13554677,-0.08492668,-0.40319213,0.2655071,0.19886428,0.108137116,-0.35281068,-0.30701306,-0.09677683,-0.24159142,-0.587623,-0.15549982,-0.5732864,0.11391435,-0.5239056,0.11261656,0.4608881],"berlin":[-0.2563703,-0.07771639,0.0012818768,-0.073532596,-0.12550797,-0.5480622,0.3029112,0.19802067,0.14008209,-0.44761068,-0.23204431,-0.09302194,-0.30129993,-0.6312137,0.029472051,-0.59527063,0.08955583,-0.43392718,0.049231954,0.4780895],"grape":[-0.30778608,-0.110398054,0.19792277,-0.16067284,-0.24427928,-0.3655082,0.20294848,0.09798655,0.13879494,-0.33785585,-0.34318122,-0.004346763,-0.2571986,-0.52994233,-0.05034555,-0.48750204,0.09080256,-0.53714573,-0.008162271,0.5284249],"capital":[-0.18771544,-0.25986937,0.1250855,-0.2572675,0.065597825,-0.3251935,0.2349516,0.23102406,0.060315024,-0.3562952,-0.39457634,-0.2755763,-0.10220786,-0.5243789,-0.119414255,-0.5382596,0.12269389,-0.42723694,0.13296148,0.4187795],"banana":[0.021857921,-0.016886365,0.0021690726,-0.012533951,-0.014791009,0.011319378,-0.014650518,-0.02423321,0.011462334,-0.013282647,-0.01877321,0.01997601,0.018822795,0.015824571,-0.00144929,-0.0068297414,-0.013289863,-0.01787809,-0.01873454,-0.016938567],"boy":[-0.14499615,-0.19208983,0.092609815,-0.19562718,-0.15840709,-0.45068663,0.2820003,0.22171552,0.05681534,-0.36419466,-0.26176563,-0.020791834,-0.31148586,-0.552222,-0.16231357,-0.6060422,0.15990707,-0.48071083,0.13119942,0.43005013],"food":[-0.24686095,-0.24167901,0.07777456,-0.11927804,-0.1995177,-0.50106823,0.31515455,0.22309287,0.084236905,-0.44672787,-0.29861006,-0.088239215,-0.29927695,-0.6910832,-0.16628146,-0.63084894,0.123849995,-0.513584,0.11248795,0.48979995]},"word_counts":{"princess":50,"girl":50,"city":50,"king":1,"orange":50,"queen":50,"capital":50,"apple":50,"banana":50,"prince":50,"fruit":50,"rome":50,"woman":50,"food":50,"paris":50,"computer":50,"data":50,"berlin":50,"man":50,"grape":50,"tech":50,"keyboardking":49,"keyboard":1,"boy":50,"code":50,"ai":50,"london":50}}